<?xml version="1.0" encoding="UTF-8" standalone="no"?>
	<featureModel chosenLayoutAlgorithm="1">
		<struct>
			<and abstract="true" mandatory="true" name="HelloWorld">
				<feature mandatory="true" name="Hello"/>
				<alt abstract="true" name="Feature">
					<feature mandatory="true" name="Beautiful"/>
					<feature mandatory="true" name="Wonderful"/>
				</alt>
				<feature mandatory="true" name="World"/>
			</and>
		</struct>
		<constraints/>
		<calculations Auto="true" Constraints="true" Features="true" Redundant="true" Tautology="true"/>
		<comments/>
		<featureOrder userDefined="false"/>
	</featureModel>
